mean_fit_time,std_fit_time,mean_score_time,std_score_time,param_xgb__colsample_bytree,param_xgb__learning_rate,param_xgb__max_depth,param_xgb__n_estimators,param_xgb__scale_pos_weight,params,split0_test_score,split1_test_score,split2_test_score,split3_test_score,split4_test_score,mean_test_score,std_test_score,rank_test_score
3.7868969440460205,0.8650153134598192,0.22618441581726073,0.07326138999596017,0.6,0.01,3,50,1.0,"{'xgb__colsample_bytree': 0.6, 'xgb__learning_rate': 0.01, 'xgb__max_depth': 3, 'xgb__n_estimators': 50, 'xgb__scale_pos_weight': 1}",0.6719540861117261,0.6659204391414107,0.6600145013211336,0.6552350722032352,0.6652320390028129,0.6636712275560637,0.005668177747307445,160
2.2773337841033934,0.019274756941157642,0.15896344184875488,0.009427812808288966,0.6,0.01,3,50,0.32998853211009177,"{'xgb__colsample_bytree': 0.6, 'xgb__learning_rate': 0.01, 'xgb__max_depth': 3, 'xgb__n_estimators': 50, 'xgb__scale_pos_weight': 0.32998853211009177}",0.7712123824225944,0.765612014916369,0.7708550993429311,0.7736980896998842,0.7766303944325226,0.7716015961628602,0.0036405473636209676,132
5.011299276351929,0.6580337968664597,0.21867895126342773,0.07114097454309402,0.6,0.01,3,100,1.0,"{'xgb__colsample_bytree': 0.6, 'xgb__learning_rate': 0.01, 'xgb__max_depth': 3, 'xgb__n_estimators': 100, 'xgb__scale_pos_weight': 1}",0.6952065612465347,0.7148656044083567,0.6986144923467836,0.6936806842756986,0.7286517116809693,0.7062038107916686,0.013522580173508129,153
4.393765878677368,1.0597402645639227,0.22935686111450196,0.0816724285380449,0.6,0.01,3,100,0.32998853211009177,"{'xgb__colsample_bytree': 0.6, 'xgb__learning_rate': 0.01, 'xgb__max_depth': 3, 'xgb__n_estimators': 100, 'xgb__scale_pos_weight': 0.32998853211009177}",0.7808339658635697,0.7689322783636743,0.7713147950749616,0.7742183216843441,0.7793243922803497,0.7749247506533798,0.0045544750774472245,130
8.04719681739807,0.7006734946216266,0.24446043968200684,0.08746356650022982,0.6,0.01,3,200,1.0,"{'xgb__colsample_bytree': 0.6, 'xgb__learning_rate': 0.01, 'xgb__max_depth': 3, 'xgb__n_estimators': 200, 'xgb__scale_pos_weight': 1}",0.7302407661202117,0.7182446205336541,0.7225823960368486,0.7285023044994218,0.7399766322215836,0.727909343882344,0.007391749868093712,149
7.366849756240844,0.4474341215576288,0.21834049224853516,0.0637058931081849,0.6,0.01,3,200,0.32998853211009177,"{'xgb__colsample_bytree': 0.6, 'xgb__learning_rate': 0.01, 'xgb__max_depth': 3, 'xgb__n_estimators': 200, 'xgb__scale_pos_weight': 0.32998853211009177}",0.7908258054174645,0.7824161343657826,0.7882567804420334,0.7861765705642312,0.7905667826672509,0.7876484146913525,0.003115312982530667,115
6.16715669631958,1.370629324199376,0.1630244731903076,0.011366889687919194,0.6,0.01,6,50,1.0,"{'xgb__colsample_bytree': 0.6, 'xgb__learning_rate': 0.01, 'xgb__max_depth': 6, 'xgb__n_estimators': 50, 'xgb__scale_pos_weight': 1}",0.6732482255839751,0.6704044621055201,0.6727355636527823,0.6601600104477825,0.670020222960148,0.6693136969500417,0.004746969802127915,159
5.414179897308349,1.464740906875713,0.2095933437347412,0.060878925931091205,0.6,0.01,6,50,0.32998853211009177,"{'xgb__colsample_bytree': 0.6, 'xgb__learning_rate': 0.01, 'xgb__max_depth': 6, 'xgb__n_estimators': 50, 'xgb__scale_pos_weight': 0.32998853211009177}",0.7960271535922092,0.7832699256751151,0.7945987925703698,0.7880150125534362,0.7960786315326132,0.7915979031847487,0.0051164995354439045,111
10.913253116607667,1.382092099764559,0.20530414581298828,0.07063517248276661,0.6,0.01,6,100,1.0,"{'xgb__colsample_bytree': 0.6, 'xgb__learning_rate': 0.01, 'xgb__max_depth': 6, 'xgb__n_estimators': 100, 'xgb__scale_pos_weight': 1}",0.7183588851653059,0.7213253372407917,0.7130349440063469,0.7156088463949594,0.7335381517606697,0.7203732329136148,0.007139034258723857,151
9.52321195602417,0.9543696283589482,0.22024712562561036,0.07891418516941424,0.6,0.01,6,100,0.32998853211009177,"{'xgb__colsample_bytree': 0.6, 'xgb__learning_rate': 0.01, 'xgb__max_depth': 6, 'xgb__n_estimators': 100, 'xgb__scale_pos_weight': 0.32998853211009177}",0.8010993657571892,0.7855088932182824,0.8000983412061679,0.7915065793668915,0.7996939638181213,0.7955814286733305,0.00609628478946403,107
20.874235582351684,0.2740923192742599,0.24045348167419434,0.07813293076291457,0.6,0.01,6,200,1.0,"{'xgb__colsample_bytree': 0.6, 'xgb__learning_rate': 0.01, 'xgb__max_depth': 6, 'xgb__n_estimators': 200, 'xgb__scale_pos_weight': 1}",0.7568098603657323,0.7497287155365034,0.7502986781296819,0.7538035585686639,0.7648785219281622,0.7551038669057487,0.005515925809510677,141
17.659111499786377,0.23589201583765143,0.29749045372009275,0.09021902843719329,0.6,0.01,6,200,0.32998853211009177,"{'xgb__colsample_bytree': 0.6, 'xgb__learning_rate': 0.01, 'xgb__max_depth': 6, 'xgb__n_estimators': 200, 'xgb__scale_pos_weight': 0.32998853211009177}",0.8008167433884263,0.7969884805992643,0.8030347009863886,0.8015607646841835,0.8052855215428969,0.8015372422402318,0.002738718123297426,97
13.032564735412597,0.512292691860982,0.17034411430358887,0.008962789687046434,0.6,0.01,10,50,1.0,"{'xgb__colsample_bytree': 0.6, 'xgb__learning_rate': 0.01, 'xgb__max_depth': 10, 'xgb__n_estimators': 50, 'xgb__scale_pos_weight': 1}",0.6817608000811389,0.6831501497680504,0.6774020067654752,0.6660711490465697,0.6887772626097521,0.6794322736541973,0.007605459764121556,157
10.288986539840698,1.3456471666139047,0.15761337280273438,0.010607331770944035,0.6,0.01,10,50,0.32998853211009177,"{'xgb__colsample_bytree': 0.6, 'xgb__learning_rate': 0.01, 'xgb__max_depth': 10, 'xgb__n_estimators': 50, 'xgb__scale_pos_weight': 0.32998853211009177}",0.8041876988632896,0.7895564720160911,0.8030547546980855,0.796412035628066,0.8071901174818037,0.8000802157374671,0.006332057006999855,104
25.13814778327942,0.6096538856449598,0.2687381267547607,0.07122641509720909,0.6,0.01,10,100,1.0,"{'xgb__colsample_bytree': 0.6, 'xgb__learning_rate': 0.01, 'xgb__max_depth': 10, 'xgb__n_estimators': 100, 'xgb__scale_pos_weight': 1}",0.73865349332929,0.7375156883893348,0.7372396000779639,0.7257380578081356,0.7467480740908131,0.7371789827391075,0.006704528308697739,144
19.896937084197997,0.7938197112835294,0.23233861923217775,0.04927922123178311,0.6,0.01,10,100,0.32998853211009177,"{'xgb__colsample_bytree': 0.6, 'xgb__learning_rate': 0.01, 'xgb__max_depth': 10, 'xgb__n_estimators': 100, 'xgb__scale_pos_weight': 0.32998853211009177}",0.8031314470969643,0.7956437708778454,0.8046640840918842,0.7984156035330935,0.8069367222766421,0.8017583255752859,0.004140199450897196,94
50.251197290420535,0.4200608670339321,0.2538886070251465,0.0040000958943329805,0.6,0.01,10,200,1.0,"{'xgb__colsample_bytree': 0.6, 'xgb__learning_rate': 0.01, 'xgb__max_depth': 10, 'xgb__n_estimators': 200, 'xgb__scale_pos_weight': 1}",0.7790741883998219,0.7681129739675939,0.7706859229388271,0.7761515368485787,0.7851257446492071,0.7758300733608058,0.0060506699211080005,129
38.44494071006775,1.4717645184286294,0.32349624633789065,0.0980797295342881,0.6,0.01,10,200,0.32998853211009177,"{'xgb__colsample_bytree': 0.6, 'xgb__learning_rate': 0.01, 'xgb__max_depth': 10, 'xgb__n_estimators': 200, 'xgb__scale_pos_weight': 0.32998853211009177}",0.8100630207119933,0.7994578180028961,0.8062431030757784,0.8062685267527906,0.8135062182333115,0.8071077373553539,0.004682892060161104,77
2.6702551364898683,0.5708716262652908,0.1456129550933838,0.011626597257430354,0.6,0.1,3,50,1.0,"{'xgb__colsample_bytree': 0.6, 'xgb__learning_rate': 0.1, 'xgb__max_depth': 3, 'xgb__n_estimators': 50, 'xgb__scale_pos_weight': 1}",0.7645801231313831,0.7544755532412003,0.7554663515529619,0.7588391262364695,0.7702333492981155,0.7607189006920261,0.005925132620589858,136
2.754675197601318,0.6493790816616922,0.2182985782623291,0.06863216621936263,0.6,0.1,3,50,0.32998853211009177,"{'xgb__colsample_bytree': 0.6, 'xgb__learning_rate': 0.1, 'xgb__max_depth': 3, 'xgb__n_estimators': 50, 'xgb__scale_pos_weight': 0.32998853211009177}",0.8056221579051698,0.7973667028800083,0.7992735879500255,0.8033607755228342,0.8046008292348212,0.8020448106985718,0.003182036313339828,91
4.407965517044067,0.9311044451766136,0.17138490676879883,0.017222207313591698,0.6,0.1,3,100,1.0,"{'xgb__colsample_bytree': 0.6, 'xgb__learning_rate': 0.1, 'xgb__max_depth': 3, 'xgb__n_estimators': 100, 'xgb__scale_pos_weight': 1}",0.7870178486946406,0.7791189065777878,0.7753049504732241,0.7814323160215549,0.7892934903363386,0.7824335024207092,0.0051162649977820026,125
4.948249292373657,1.3026245034351431,0.24229207038879394,0.07175093561548423,0.6,0.1,3,100,0.32998853211009177,"{'xgb__colsample_bytree': 0.6, 'xgb__learning_rate': 0.1, 'xgb__max_depth': 3, 'xgb__n_estimators': 100, 'xgb__scale_pos_weight': 0.32998853211009177}",0.8076172399413789,0.8061617927861076,0.8039035838995527,0.8062255494071312,0.8127648974944109,0.8073346127057164,0.0029646368301527374,76
7.388189458847046,1.5460990926065887,0.16781420707702638,0.006124483869650157,0.6,0.1,3,200,1.0,"{'xgb__colsample_bytree': 0.6, 'xgb__learning_rate': 0.1, 'xgb__max_depth': 3, 'xgb__n_estimators': 200, 'xgb__scale_pos_weight': 1}",0.8024860295087162,0.7979516197838307,0.7983350972997294,0.7980260158732445,0.8085057548485647,0.8010609034628171,0.004093042958949922,99
6.851117420196533,0.6952088039202413,0.2178481101989746,0.0725188781515692,0.6,0.1,3,200,0.32998853211009177,"{'xgb__colsample_bytree': 0.6, 'xgb__learning_rate': 0.1, 'xgb__max_depth': 3, 'xgb__n_estimators': 200, 'xgb__scale_pos_weight': 0.32998853211009177}",0.8154773699890485,0.8109080876427199,0.8082528366720392,0.8061841646049324,0.8172332360877308,0.8116111389992942,0.004189993903246886,65
6.188113784790039,1.3889306191001325,0.16607084274291992,0.01024746337145036,0.6,0.1,6,50,1.0,"{'xgb__colsample_bytree': 0.6, 'xgb__learning_rate': 0.1, 'xgb__max_depth': 6, 'xgb__n_estimators': 50, 'xgb__scale_pos_weight': 1}",0.787375449948655,0.7811686608593783,0.7781100395525644,0.7884318063338757,0.792239994845587,0.7854651903080121,0.0051167623943323,121
5.484970331192017,1.2810181476867828,0.2044670581817627,0.06385430148298385,0.6,0.1,6,50,0.32998853211009177,"{'xgb__colsample_bytree': 0.6, 'xgb__learning_rate': 0.1, 'xgb__max_depth': 6, 'xgb__n_estimators': 50, 'xgb__scale_pos_weight': 0.32998853211009177}",0.8081914208801497,0.8066827099116299,0.8082672810766306,0.8093382215825479,0.8127175338598557,0.8090394334621628,0.002024212805797036,70
9.554150295257568,1.2680490704687328,0.17812771797180177,0.01958390373402957,0.6,0.1,6,100,1.0,"{'xgb__colsample_bytree': 0.6, 'xgb__learning_rate': 0.1, 'xgb__max_depth': 6, 'xgb__n_estimators': 100, 'xgb__scale_pos_weight': 1}",0.8045541436430516,0.8027552611920225,0.7991767041405263,0.8030150808513925,0.8100903618881828,0.8039183103430352,0.0035538666402464875,86
8.784600973129272,0.37529421786291955,0.2612410068511963,0.06728641104306467,0.6,0.1,6,100,0.32998853211009177,"{'xgb__colsample_bytree': 0.6, 'xgb__learning_rate': 0.1, 'xgb__max_depth': 6, 'xgb__n_estimators': 100, 'xgb__scale_pos_weight': 0.32998853211009177}",0.8144865979219781,0.8129070510667517,0.8108601690169084,0.8059046236102908,0.8173002282474249,0.8122917339726708,0.0038242807110950993,60
16.787102508544923,0.24906495010033072,0.33163161277770997,0.0553857532090476,0.6,0.1,6,200,1.0,"{'xgb__colsample_bytree': 0.6, 'xgb__learning_rate': 0.1, 'xgb__max_depth': 6, 'xgb__n_estimators': 200, 'xgb__scale_pos_weight': 1}",0.8141556526947381,0.8134452060779295,0.8121335683952964,0.8140683337391446,0.8204344605569224,0.8148474442928061,0.002885540989271461,40
14.250179243087768,0.5069251870369265,0.2402040481567383,0.07022826162209447,0.6,0.1,6,200,0.32998853211009177,"{'xgb__colsample_bytree': 0.6, 'xgb__learning_rate': 0.1, 'xgb__max_depth': 6, 'xgb__n_estimators': 200, 'xgb__scale_pos_weight': 0.32998853211009177}",0.8246781946946713,0.8146244948823443,0.8181890059482033,0.812114644062706,0.8227241737332063,0.8184661026642261,0.004730687390430192,24
12.492906856536866,1.2992268201757944,0.21047554016113282,0.06539097437405843,0.6,0.1,10,50,1.0,"{'xgb__colsample_bytree': 0.6, 'xgb__learning_rate': 0.1, 'xgb__max_depth': 10, 'xgb__n_estimators': 50, 'xgb__scale_pos_weight': 1}",0.801249635327237,0.7961757628902485,0.7953186963565638,0.8034556113648401,0.807517062991325,0.8007433537860429,0.004555998098967259,101
9.956648206710815,0.9274323105460243,0.21353373527526856,0.04635275017227796,0.6,0.1,10,50,0.32998853211009177,"{'xgb__colsample_bytree': 0.6, 'xgb__learning_rate': 0.1, 'xgb__max_depth': 10, 'xgb__n_estimators': 50, 'xgb__scale_pos_weight': 0.32998853211009177}",0.8133933121086759,0.809108676654187,0.8104039429143237,0.8111231464998928,0.8205503255777097,0.812915880750958,0.004062787696608706,53
19.513943195343018,0.659590522812704,0.1951291084289551,0.00930478461950888,0.6,0.1,10,100,1.0,"{'xgb__colsample_bytree': 0.6, 'xgb__learning_rate': 0.1, 'xgb__max_depth': 10, 'xgb__n_estimators': 100, 'xgb__scale_pos_weight': 1}",0.8097482699291232,0.8069805580338533,0.8073105952965913,0.8151250414878042,0.8207900777245115,0.8119909084943767,0.0052780022709740405,61
15.756243419647216,0.35114767520248685,0.2214506149291992,0.06985489235437058,0.6,0.1,10,100,0.32998853211009177,"{'xgb__colsample_bytree': 0.6, 'xgb__learning_rate': 0.1, 'xgb__max_depth': 10, 'xgb__n_estimators': 100, 'xgb__scale_pos_weight': 0.32998853211009177}",0.8223861242589803,0.8162887583160886,0.812582393337167,0.8113715979520345,0.8232059850366926,0.8171669717801926,0.004880270687285843,30
30.426478147506714,0.4942889573742991,0.35831823348999026,0.09962224334739547,0.6,0.1,10,200,1.0,"{'xgb__colsample_bytree': 0.6, 'xgb__learning_rate': 0.1, 'xgb__max_depth': 10, 'xgb__n_estimators': 200, 'xgb__scale_pos_weight': 1}",0.8159811966598448,0.8179595836337393,0.8190374428887441,0.8238960529994457,0.8249680188028853,0.8203684589969319,0.0034762688349777395,19
25.43480634689331,0.4423809251642234,0.26483521461486814,0.06186496701449801,0.6,0.1,10,200,0.32998853211009177,"{'xgb__colsample_bytree': 0.6, 'xgb__learning_rate': 0.1, 'xgb__max_depth': 10, 'xgb__n_estimators': 200, 'xgb__scale_pos_weight': 0.32998853211009177}",0.8272853761433017,0.815071866237425,0.81647032929456,0.8128444036631275,0.8307221346157794,0.8204788219908388,0.007139217889666429,18
2.7241268157958984,0.5870799242467544,0.2008389949798584,0.07465588575834753,0.6,0.2,3,50,1.0,"{'xgb__colsample_bytree': 0.6, 'xgb__learning_rate': 0.2, 'xgb__max_depth': 3, 'xgb__n_estimators': 50, 'xgb__scale_pos_weight': 1}",0.7877304113792087,0.7813901829134445,0.7808783236506296,0.7866613741543435,0.7963132044873277,0.7865946993169908,0.005576873172698419,118
2.8565659523010254,0.6108356258768559,0.1677652359008789,0.051241014434002294,0.6,0.2,3,50,0.32998853211009177,"{'xgb__colsample_bytree': 0.6, 'xgb__learning_rate': 0.2, 'xgb__max_depth': 3, 'xgb__n_estimators': 50, 'xgb__scale_pos_weight': 0.32998853211009177}",0.808862675796042,0.8060844849009885,0.8063894270338762,0.8046815260159751,0.8109718747287271,0.8073979976951218,0.002237839494393204,75
4.384105634689331,0.8320602058420478,0.2142463207244873,0.06501920262440776,0.6,0.2,3,100,1.0,"{'xgb__colsample_bytree': 0.6, 'xgb__learning_rate': 0.2, 'xgb__max_depth': 3, 'xgb__n_estimators': 100, 'xgb__scale_pos_weight': 1}",0.8033849650467163,0.7987250152927307,0.7976433000876473,0.8005708405999812,0.8096191119185373,0.8019886465891226,0.004282924366783396,92
3.7280834674835206,0.7841218163684256,0.1679563045501709,0.010175043496617771,0.6,0.2,3,100,0.32998853211009177,"{'xgb__colsample_bytree': 0.6, 'xgb__learning_rate': 0.2, 'xgb__max_depth': 3, 'xgb__n_estimators': 100, 'xgb__scale_pos_weight': 0.32998853211009177}",0.8131224628308624,0.8099203377823649,0.8052798020725631,0.8067969025780501,0.8136283991375353,0.8097495808802752,0.003321082756914229,69
7.423269176483155,1.2116574369968545,0.20836248397827148,0.06690153301409188,0.6,0.2,3,200,1.0,"{'xgb__colsample_bytree': 0.6, 'xgb__learning_rate': 0.2, 'xgb__max_depth': 3, 'xgb__n_estimators': 200, 'xgb__scale_pos_weight': 1}",0.8124720319682603,0.8098347616927583,0.8068791361438351,0.8139399763914953,0.8209117334597148,0.8128075279312128,0.004712882612535526,54
6.321483612060547,0.6662496022280989,0.22511911392211914,0.0534219006273695,0.6,0.2,3,200,0.32998853211009177,"{'xgb__colsample_bytree': 0.6, 'xgb__learning_rate': 0.2, 'xgb__max_depth': 3, 'xgb__n_estimators': 200, 'xgb__scale_pos_weight': 0.32998853211009177}",0.8233400284615,0.8121784289912177,0.8109375253041564,0.8070048041075117,0.8195459474563387,0.8146013468641449,0.0059634757041849016,43
5.813949203491211,1.365909750007419,0.19535069465637206,0.06140786899964514,0.6,0.2,6,50,1.0,"{'xgb__colsample_bytree': 0.6, 'xgb__learning_rate': 0.2, 'xgb__max_depth': 6, 'xgb__n_estimators': 50, 'xgb__scale_pos_weight': 1}",0.8047627468500549,0.7986990981090998,0.8026955956467189,0.8068083472186363,0.8098925150080082,0.8045716605665035,0.00377776077947306,83
5.194804763793945,1.1391007902952517,0.17620716094970704,0.03215812925209461,0.6,0.2,6,50,0.32998853211009177,"{'xgb__colsample_bytree': 0.6, 'xgb__learning_rate': 0.2, 'xgb__max_depth': 6, 'xgb__n_estimators': 50, 'xgb__scale_pos_weight': 0.32998853211009177}",0.8149216522490965,0.8101805093663285,0.8104312097728692,0.8078060544408744,0.8157474135091636,0.8118173678676663,0.0030256640821537967,62
9.075612354278565,0.8253465270932243,0.22845382690429689,0.06642210095206465,0.6,0.2,6,100,1.0,"{'xgb__colsample_bytree': 0.6, 'xgb__learning_rate': 0.2, 'xgb__max_depth': 6, 'xgb__n_estimators': 100, 'xgb__scale_pos_weight': 1}",0.811395004018156,0.810222504974123,0.8097250244003641,0.8140683337391446,0.8193613944253575,0.812954452311429,0.0035387641614611966,51
8.375703382492066,1.3863267374068373,0.25288639068603513,0.07925292362303885,0.6,0.2,6,100,0.32998853211009177,"{'xgb__colsample_bytree': 0.6, 'xgb__learning_rate': 0.2, 'xgb__max_depth': 6, 'xgb__n_estimators': 100, 'xgb__scale_pos_weight': 0.32998853211009177}",0.824955820884108,0.815568406145007,0.8129308748190449,0.8092227493651561,0.8218236009174044,0.8169002904261442,0.005755091135610562,32
14.523360252380371,0.3385546550205301,0.31554179191589354,0.05403858875420241,0.6,0.2,6,200,1.0,"{'xgb__colsample_bytree': 0.6, 'xgb__learning_rate': 0.2, 'xgb__max_depth': 6, 'xgb__n_estimators': 200, 'xgb__scale_pos_weight': 1}",0.8193223615233143,0.8194947421799296,0.8232313374503696,0.8231373281329233,0.8238598943084842,0.8218091327190041,0.001976503326555834,8
14.035211610794068,0.42147311302613344,0.1839047908782959,0.014723059658312611,0.6,0.2,6,200,0.32998853211009177,"{'xgb__colsample_bytree': 0.6, 'xgb__learning_rate': 0.2, 'xgb__max_depth': 6, 'xgb__n_estimators': 200, 'xgb__scale_pos_weight': 0.32998853211009177}",0.823793346530772,0.8183538291018165,0.8122036365890697,0.8126753078968219,0.8272007098701544,0.8188453659977268,0.00594504966519728,23
10.386569356918335,0.6837217674320127,0.22115325927734375,0.07025656173454976,0.6,0.2,10,50,1.0,"{'xgb__colsample_bytree': 0.6, 'xgb__learning_rate': 0.2, 'xgb__max_depth': 10, 'xgb__n_estimators': 50, 'xgb__scale_pos_weight': 1}",0.8133396003424724,0.8107183261088965,0.8106670393245284,0.8153623411423173,0.8190048745279626,0.8138184362892356,0.003132221372215531,47
8.870583295822144,1.473326153802425,0.16317410469055177,0.003276175225273423,0.6,0.2,10,50,0.32998853211009177,"{'xgb__colsample_bytree': 0.6, 'xgb__learning_rate': 0.2, 'xgb__max_depth': 10, 'xgb__n_estimators': 50, 'xgb__scale_pos_weight': 0.32998853211009177}",0.8176002771406771,0.8094605130403459,0.8137604168363324,0.8097586405186248,0.8247080831230007,0.8150575861317961,0.005668969390063241,39
16.261675977706908,0.31384733847724106,0.1685948848724365,0.00986030858977965,0.6,0.2,10,100,1.0,"{'xgb__colsample_bytree': 0.6, 'xgb__learning_rate': 0.2, 'xgb__max_depth': 10, 'xgb__n_estimators': 100, 'xgb__scale_pos_weight': 1}",0.8227722044429518,0.8207791591746956,0.8185437679167552,0.8211699043754727,0.8247481978589919,0.8216026467537734,0.00207289625607691,9
13.00903491973877,0.7180135788506831,0.2557372093200684,0.06286868368242603,0.6,0.2,10,100,0.32998853211009177,"{'xgb__colsample_bytree': 0.6, 'xgb__learning_rate': 0.2, 'xgb__max_depth': 10, 'xgb__n_estimators': 100, 'xgb__scale_pos_weight': 0.32998853211009177}",0.8240311152200995,0.8155896957837135,0.8146891050914393,0.8116889188794517,0.82625252322619,0.8184502716401788,0.005658022694685798,25
27.04829897880554,1.327460530619429,0.29156670570373533,0.05585877467145269,0.6,0.2,10,200,1.0,"{'xgb__colsample_bytree': 0.6, 'xgb__learning_rate': 0.2, 'xgb__max_depth': 10, 'xgb__n_estimators': 200, 'xgb__scale_pos_weight': 1}",0.8293989964897602,0.8251579922492601,0.8224070538336787,0.8300136127706562,0.8312638515941656,0.827648301387504,0.0033287880708066852,2
22.876723861694337,1.3157581851806144,0.2450319290161133,0.053710841327861886,0.6,0.2,10,200,0.32998853211009177,"{'xgb__colsample_bytree': 0.6, 'xgb__learning_rate': 0.2, 'xgb__max_depth': 10, 'xgb__n_estimators': 200, 'xgb__scale_pos_weight': 0.32998853211009177}",0.8270592697638129,0.8219157673861569,0.8140647179276194,0.8164058138562025,0.8272585027182882,0.821340814330416,0.0053915887817838565,11
3.1557993412017824,0.819941901733942,0.16936259269714354,0.0350862381469317,0.8,0.01,3,50,1.0,"{'xgb__colsample_bytree': 0.8, 'xgb__learning_rate': 0.01, 'xgb__max_depth': 3, 'xgb__n_estimators': 50, 'xgb__scale_pos_weight': 1}",0.6571770763417886,0.6666711797276099,0.6600145013211336,0.6557126897242864,0.6673376630493842,0.6613826220328406,0.004798705184204078,161
3.4236640453338625,0.6638218252403276,0.2089775562286377,0.0488610384377672,0.8,0.01,3,50,0.32998853211009177,"{'xgb__colsample_bytree': 0.8, 'xgb__learning_rate': 0.01, 'xgb__max_depth': 3, 'xgb__n_estimators': 50, 'xgb__scale_pos_weight': 0.32998853211009177}",0.7672266367699104,0.7613190219588868,0.7588674375874536,0.768469791950117,0.7667555758424587,0.7645276928217652,0.0037449156132204967,134
5.314001798629761,0.7279823158131835,0.19523882865905762,0.040341256202115636,0.8,0.01,3,100,1.0,"{'xgb__colsample_bytree': 0.8, 'xgb__learning_rate': 0.01, 'xgb__max_depth': 3, 'xgb__n_estimators': 100, 'xgb__scale_pos_weight': 1}",0.7240148577880734,0.71480275268926,0.7163827298693904,0.7205535720771936,0.7232416805856055,0.7197991186019046,0.0036559068436841785,152
4.966735601425171,1.0562715923875026,0.1852851390838623,0.04669756560761446,0.8,0.01,3,100,0.32998853211009177,"{'xgb__colsample_bytree': 0.8, 'xgb__learning_rate': 0.01, 'xgb__max_depth': 3, 'xgb__n_estimators': 100, 'xgb__scale_pos_weight': 0.32998853211009177}",0.7809160374098016,0.7704273578297708,0.7644271054033703,0.7731552748680798,0.77822537948131,0.7734302309984665,0.005816869694646566,131
10.417851686477661,0.850562467781046,0.24415502548217774,0.08607361397310709,0.8,0.01,3,200,1.0,"{'xgb__colsample_bytree': 0.8, 'xgb__learning_rate': 0.01, 'xgb__max_depth': 3, 'xgb__n_estimators': 200, 'xgb__scale_pos_weight': 1}",0.7319937126170799,0.7200401050562824,0.723379311127378,0.7303533627190653,0.7388911682952233,0.7289315319630056,0.006640444828055938,148
8.662922191619874,1.0359369071112559,0.21105117797851564,0.07341806417161997,0.8,0.01,3,200,0.32998853211009177,"{'xgb__colsample_bytree': 0.8, 'xgb__learning_rate': 0.01, 'xgb__max_depth': 3, 'xgb__n_estimators': 200, 'xgb__scale_pos_weight': 0.32998853211009177}",0.792222727177069,0.7821896854676292,0.7855088932182824,0.7838258091386705,0.7911239682923403,0.7869742166587983,0.003992960873784639,116
7.390103578567505,0.9760022210388982,0.21059737205505372,0.0599356391761556,0.8,0.01,6,50,1.0,"{'xgb__colsample_bytree': 0.8, 'xgb__learning_rate': 0.01, 'xgb__max_depth': 6, 'xgb__n_estimators': 50, 'xgb__scale_pos_weight': 1}",0.6738333012685124,0.677883315018708,0.6733222310307064,0.664869278378141,0.6876505645733862,0.6755117380538909,0.007400655721860094,158
6.194098567962646,0.842396462039638,0.15842957496643068,0.018215635614400146,0.8,0.01,6,50,0.32998853211009177,"{'xgb__colsample_bytree': 0.8, 'xgb__learning_rate': 0.01, 'xgb__max_depth': 6, 'xgb__n_estimators': 50, 'xgb__scale_pos_weight': 0.32998853211009177}",0.7916797351673318,0.7780394346441099,0.785168848097582,0.7814118234977192,0.7900707026502617,0.7852741088114008,0.005124611193755433,122
14.45783519744873,0.17900156637459913,0.16519293785095215,0.008180925500130403,0.8,0.01,6,100,1.0,"{'xgb__colsample_bytree': 0.8, 'xgb__learning_rate': 0.01, 'xgb__max_depth': 6, 'xgb__n_estimators': 100, 'xgb__scale_pos_weight': 1}",0.7319937126170799,0.7249615409715855,0.7293593492002087,0.7299733213611852,0.7402440637962843,0.7313063975892687,0.005023536091911034,146
11.257809162139893,1.3901229160953315,0.2417665481567383,0.07997820929969757,0.8,0.01,6,100,0.32998853211009177,"{'xgb__colsample_bytree': 0.8, 'xgb__learning_rate': 0.01, 'xgb__max_depth': 6, 'xgb__n_estimators': 100, 'xgb__scale_pos_weight': 0.32998853211009177}",0.8006444257268467,0.7823632471638866,0.7961036676107556,0.791141565449635,0.7964883440297249,0.7933482499961697,0.006264605988830288,109
27.294475507736205,1.5176310876695212,0.23239989280700685,0.0838175277583206,0.8,0.01,6,200,1.0,"{'xgb__colsample_bytree': 0.8, 'xgb__learning_rate': 0.01, 'xgb__max_depth': 6, 'xgb__n_estimators': 200, 'xgb__scale_pos_weight': 1}",0.7586009600192223,0.7481643653538087,0.752290975910562,0.754734507559976,0.7653143640055433,0.7558210345698224,0.005832970561279098,140
22.533326196670533,1.2940696721271978,0.2761679649353027,0.08162558925843037,0.8,0.01,6,200,0.32998853211009177,"{'xgb__colsample_bytree': 0.8, 'xgb__learning_rate': 0.01, 'xgb__max_depth': 6, 'xgb__n_estimators': 200, 'xgb__scale_pos_weight': 0.32998853211009177}",0.8027418136668443,0.7932978050332284,0.8013259419476706,0.8001799934486581,0.8021252102008993,0.79993415285946,0.003427019650217505,105
16.48121848106384,0.6472235650333532,0.21737418174743653,0.05597980395465406,0.8,0.01,10,50,1.0,"{'xgb__colsample_bytree': 0.8, 'xgb__learning_rate': 0.01, 'xgb__max_depth': 10, 'xgb__n_estimators': 50, 'xgb__scale_pos_weight': 1}",0.6885473296659936,0.6882450769504809,0.6822505165967617,0.6780751680381489,0.6976641092422404,0.6869564400987251,0.006631265376355243,155
13.855642557144165,0.4417210396891159,0.16488380432128907,0.006137251990604142,0.8,0.01,10,50,0.32998853211009177,"{'xgb__colsample_bytree': 0.8, 'xgb__learning_rate': 0.01, 'xgb__max_depth': 10, 'xgb__n_estimators': 50, 'xgb__scale_pos_weight': 0.32998853211009177}",0.7998909697387273,0.7852310791536802,0.7977221986089466,0.7906629634550714,0.7974895310987515,0.7941993484110353,0.005450985250438649,108
32.57874269485474,0.7047340865364199,0.251237154006958,0.0802807789206984,0.8,0.01,10,100,1.0,"{'xgb__colsample_bytree': 0.8, 'xgb__learning_rate': 0.01, 'xgb__max_depth': 10, 'xgb__n_estimators': 100, 'xgb__scale_pos_weight': 1}",0.7522613638635667,0.7433195451566654,0.7458563493761918,0.7464812277349505,0.7602645292893334,0.7496366030841416,0.0060662033780949235,143
24.3488600730896,0.908750418584107,0.24571700096130372,0.07911949724655415,0.8,0.01,10,100,0.32998853211009177,"{'xgb__colsample_bytree': 0.8, 'xgb__learning_rate': 0.01, 'xgb__max_depth': 10, 'xgb__n_estimators': 100, 'xgb__scale_pos_weight': 0.32998853211009177}",0.8035859661133631,0.7936111588938767,0.8037255244306106,0.8006413086134416,0.8054783899933528,0.801408469608929,0.004196690991462575,98
63.3252393245697,1.3018650312618152,0.2803398609161377,0.05000448434379494,0.8,0.01,10,200,1.0,"{'xgb__colsample_bytree': 0.8, 'xgb__learning_rate': 0.01, 'xgb__max_depth': 10, 'xgb__n_estimators': 200, 'xgb__scale_pos_weight': 1}",0.7792673485977512,0.7727190079322439,0.7713485968712627,0.777619087139669,0.7835375745815255,0.7768983230244905,0.004437963031170605,128
47.7494776725769,0.7927596940447359,0.34872970581054685,0.11656669638523731,0.8,0.01,10,200,0.32998853211009177,"{'xgb__colsample_bytree': 0.8, 'xgb__learning_rate': 0.01, 'xgb__max_depth': 10, 'xgb__n_estimators': 200, 'xgb__scale_pos_weight': 0.32998853211009177}",0.8088926165213707,0.8002921760279208,0.8070578676714899,0.8098082441259788,0.8149817570080037,0.8082065322709528,0.004751764468203943,72
3.2111226081848145,0.8117231174283354,0.14929394721984862,0.003105859510066345,0.8,0.1,3,50,1.0,"{'xgb__colsample_bytree': 0.8, 'xgb__learning_rate': 0.1, 'xgb__max_depth': 3, 'xgb__n_estimators': 50, 'xgb__scale_pos_weight': 1}",0.7645801231313831,0.7542784631977132,0.7508117833264364,0.759688381741606,0.7719510849219776,0.7602619672638232,0.007492919850547121,137
3.451873016357422,0.6755523345476169,0.20971264839172363,0.06917183420013849,0.8,0.1,3,50,0.32998853211009177,"{'xgb__colsample_bytree': 0.8, 'xgb__learning_rate': 0.1, 'xgb__max_depth': 3, 'xgb__n_estimators': 50, 'xgb__scale_pos_weight': 0.32998853211009177}",0.8064973714151958,0.7979656768199781,0.8016101744235323,0.8030603383230916,0.8046582889758441,0.8027583699915285,0.0028972148544907142,88
4.9924711227417,1.026851300349877,0.1673274040222168,0.04348398640878664,0.8,0.1,3,100,1.0,"{'xgb__colsample_bytree': 0.8, 'xgb__learning_rate': 0.1, 'xgb__max_depth': 3, 'xgb__n_estimators': 100, 'xgb__scale_pos_weight': 1}",0.7880827568916068,0.7813037342235265,0.77485954962396,0.7856462377152806,0.7934896790871173,0.7846763915082982,0.006292267738731235,123
4.576214551925659,0.9310456632893079,0.19622697830200195,0.05959693044114698,0.8,0.1,3,100,0.32998853211009177,"{'xgb__colsample_bytree': 0.8, 'xgb__learning_rate': 0.1, 'xgb__max_depth': 3, 'xgb__n_estimators': 100, 'xgb__scale_pos_weight': 0.32998853211009177}",0.808469289697221,0.8041958378594415,0.8035024594843886,0.8064592337695802,0.8120714499220896,0.8069396541465441,0.0031064047225473697,79
9.25016803741455,1.5384862191406208,0.16092448234558104,0.008285075938766236,0.8,0.1,3,200,1.0,"{'xgb__colsample_bytree': 0.8, 'xgb__learning_rate': 0.1, 'xgb__max_depth': 3, 'xgb__n_estimators': 200, 'xgb__scale_pos_weight': 1}",0.8024153760211296,0.7990254892887072,0.7964001443521911,0.7989570774753889,0.8081761851274942,0.8009948544529824,0.004067718939485377,100
8.644388437271118,1.5703138810862718,0.1733912467956543,0.008364056565917316,0.8,0.1,3,200,0.32998853211009177,"{'xgb__colsample_bytree': 0.8, 'xgb__learning_rate': 0.1, 'xgb__max_depth': 3, 'xgb__n_estimators': 200, 'xgb__scale_pos_weight': 0.32998853211009177}",0.8165344974815428,0.8102033957353464,0.8059063289709634,0.807750970388831,0.818347523556785,0.8117485432266938,0.004877528806687521,63
7.180199384689331,1.5197535094078682,0.16031718254089355,0.00994830201457246,0.8,0.1,6,50,1.0,"{'xgb__colsample_bytree': 0.8, 'xgb__learning_rate': 0.1, 'xgb__max_depth': 6, 'xgb__n_estimators': 50, 'xgb__scale_pos_weight': 1}",0.792157184742567,0.7858733653004901,0.7774384386689405,0.7903855254521569,0.7958510419775267,0.7883411112283363,0.00632612275163883,113
6.39803032875061,0.6267525101489549,0.20920214653015137,0.0641345822331789,0.8,0.1,6,50,0.32998853211009177,"{'xgb__colsample_bytree': 0.8, 'xgb__learning_rate': 0.1, 'xgb__max_depth': 6, 'xgb__n_estimators': 50, 'xgb__scale_pos_weight': 0.32998853211009177}",0.8087425949580804,0.8069267339818054,0.8060064100449219,0.8083893436950363,0.8143651801895344,0.8088860525738756,0.0029127104101270788,71
11.56310486793518,0.6863377691902782,0.23205695152282715,0.08418550045990084,0.8,0.1,6,100,1.0,"{'xgb__colsample_bytree': 0.8, 'xgb__learning_rate': 0.1, 'xgb__max_depth': 6, 'xgb__n_estimators': 100, 'xgb__scale_pos_weight': 1}",0.8067262640878109,0.8011244469439385,0.7963261484781264,0.8037766101510793,0.8097172280042463,0.8035341395330404,0.00460957238012882,87
10.296037006378175,0.8797068411737784,0.23760151863098145,0.08295097134483802,0.8,0.1,6,100,0.32998853211009177,"{'xgb__colsample_bytree': 0.8, 'xgb__learning_rate': 0.1, 'xgb__max_depth': 6, 'xgb__n_estimators': 100, 'xgb__scale_pos_weight': 0.32998853211009177}",0.8155928078924221,0.8117239060772741,0.8084670384532336,0.8089230812917159,0.8192587987337133,0.8127931264896718,0.004110441663563605,55
20.947713708877565,0.9271804860273724,0.25528488159179685,0.07712734643839156,0.8,0.1,6,200,1.0,"{'xgb__colsample_bytree': 0.8, 'xgb__learning_rate': 0.1, 'xgb__max_depth': 6, 'xgb__n_estimators': 200, 'xgb__scale_pos_weight': 1}",0.814677535516754,0.8126285587937854,0.8092969247367137,0.8160147247812904,0.8188827644382375,0.8143001016533562,0.003222080749535284,44
17.994711685180665,0.27240613625522997,0.19977288246154784,0.009568990723954672,0.8,0.1,6,200,0.32998853211009177,"{'xgb__colsample_bytree': 0.8, 'xgb__learning_rate': 0.1, 'xgb__max_depth': 6, 'xgb__n_estimators': 200, 'xgb__scale_pos_weight': 0.32998853211009177}",0.8220032056401165,0.8159493107942712,0.81724330157084,0.8100970118160309,0.8233859928547458,0.8177357645352009,0.004731186183004987,27
14.711206245422364,0.617735824499382,0.25129103660583496,0.07167060652548395,0.8,0.1,10,50,1.0,"{'xgb__colsample_bytree': 0.8, 'xgb__learning_rate': 0.1, 'xgb__max_depth': 10, 'xgb__n_estimators': 50, 'xgb__scale_pos_weight': 1}",0.8028011759418817,0.7973231811422143,0.7957936939952125,0.8066653438460302,0.8090225083319827,0.8023211806514643,0.005130263602653076,90
11.724194002151489,1.0883713431967608,0.16293778419494628,0.0013729402355713255,0.8,0.1,10,50,0.32998853211009177,"{'xgb__colsample_bytree': 0.8, 'xgb__learning_rate': 0.1, 'xgb__max_depth': 10, 'xgb__n_estimators': 50, 'xgb__scale_pos_weight': 0.32998853211009177}",0.8144103027087596,0.8102814599982278,0.8105054719738743,0.8109937384477988,0.8161757299171127,0.8124733406091545,0.0023801503690798406,57
23.1353168964386,0.7619437239226315,0.2207263946533203,0.04568797973050198,0.8,0.1,10,100,1.0,"{'xgb__colsample_bytree': 0.8, 'xgb__learning_rate': 0.1, 'xgb__max_depth': 10, 'xgb__n_estimators': 100, 'xgb__scale_pos_weight': 1}",0.8148404625299164,0.8087557011651733,0.8089907412914366,0.8151616713798862,0.819831786166163,0.8135160725065151,0.004183061116704402,48
18.86585168838501,0.48946680671313963,0.18504533767700196,0.0033573628335403453,0.8,0.1,10,100,0.32998853211009177,"{'xgb__colsample_bytree': 0.8, 'xgb__learning_rate': 0.1, 'xgb__max_depth': 10, 'xgb__n_estimators': 100, 'xgb__scale_pos_weight': 0.32998853211009177}",0.819182821131041,0.8112731032536795,0.8154772980094456,0.8136949693725024,0.8235493022607268,0.816635498805479,0.004313535851994173,35
37.980456066131595,1.244191005414566,0.387023401260376,0.07749196603172982,0.8,0.1,10,200,1.0,"{'xgb__colsample_bytree': 0.8, 'xgb__learning_rate': 0.1, 'xgb__max_depth': 10, 'xgb__n_estimators': 200, 'xgb__scale_pos_weight': 1}",0.8218253585231114,0.8148861310352477,0.8186797067355711,0.8211425354296934,0.8263845247900299,0.8205836513027307,0.0037839414270668557,16
30.453129482269286,0.8705498867001937,0.2951328754425049,0.07240618166604583,0.8,0.1,10,200,0.32998853211009177,"{'xgb__colsample_bytree': 0.8, 'xgb__learning_rate': 0.1, 'xgb__max_depth': 10, 'xgb__n_estimators': 200, 'xgb__scale_pos_weight': 0.32998853211009177}",0.827886883310699,0.8167883718705341,0.8182833533649949,0.8142816391956662,0.8269057285803201,0.820829195264443,0.005521146128273587,14
3.8749170303344727,0.6541233523513096,0.18372197151184083,0.04612032028170567,0.8,0.2,3,50,1.0,"{'xgb__colsample_bytree': 0.8, 'xgb__learning_rate': 0.2, 'xgb__max_depth': 3, 'xgb__n_estimators': 50, 'xgb__scale_pos_weight': 1}",0.789465062268875,0.7825078194733409,0.7791945726235853,0.7864338908473731,0.7905476957510033,0.7856298081928356,0.004259117541798585,120
2.5559097290039063,0.022221061187603534,0.14149127006530762,0.013368233801081328,0.8,0.2,3,50,0.32998853211009177,"{'xgb__colsample_bytree': 0.8, 'xgb__learning_rate': 0.2, 'xgb__max_depth': 3, 'xgb__n_estimators': 50, 'xgb__scale_pos_weight': 0.32998853211009177}",0.8088653592120671,0.8085775532634097,0.805212917238448,0.8050650869748065,0.8114414641776632,0.8078324761732789,0.002415256245068744,73
5.3928571224212645,1.2152831842542096,0.21846141815185546,0.07671578000373099,0.8,0.2,3,100,1.0,"{'xgb__colsample_bytree': 0.8, 'xgb__learning_rate': 0.2, 'xgb__max_depth': 3, 'xgb__n_estimators': 100, 'xgb__scale_pos_weight': 1}",0.8032364904011274,0.8002201231557112,0.7987214202655142,0.7994088199606459,0.8067670604224713,0.801670782841094,0.0029780233225260287,95
5.120161151885986,0.6884251326720692,0.21122021675109864,0.05839809085732159,0.8,0.2,3,100,0.32998853211009177,"{'xgb__colsample_bytree': 0.8, 'xgb__learning_rate': 0.2, 'xgb__max_depth': 3, 'xgb__n_estimators': 100, 'xgb__scale_pos_weight': 0.32998853211009177}",0.8164650213040093,0.8125175598064481,0.8108707153871888,0.8041676169526037,0.8185096620436644,0.8125061150987829,0.004978367780568744,56
8.45326657295227,1.419585272945732,0.2129222869873047,0.04306510241376808,0.8,0.2,3,200,1.0,"{'xgb__colsample_bytree': 0.8, 'xgb__learning_rate': 0.2, 'xgb__max_depth': 3, 'xgb__n_estimators': 200, 'xgb__scale_pos_weight': 1}",0.8081625775719791,0.8086924775884939,0.8069777823910775,0.814703362224519,0.8201917140441258,0.8117455827640392,0.004999537793696103,64
7.77867636680603,1.2316087785076824,0.23361830711364745,0.06824445433165478,0.8,0.2,3,200,0.32998853211009177,"{'xgb__colsample_bytree': 0.8, 'xgb__learning_rate': 0.2, 'xgb__max_depth': 3, 'xgb__n_estimators': 200, 'xgb__scale_pos_weight': 0.32998853211009177}",0.8247816096644857,0.8171098960412556,0.811345236497054,0.8083089869125181,0.8245299325883948,0.8172151323407416,0.006701403734098363,29
7.217878770828247,1.403207588764214,0.19654426574707032,0.0644490461515885,0.8,0.2,6,50,1.0,"{'xgb__colsample_bytree': 0.8, 'xgb__learning_rate': 0.2, 'xgb__max_depth': 6, 'xgb__n_estimators': 50, 'xgb__scale_pos_weight': 1}",0.8053183364346366,0.8028127881234625,0.8007058215775438,0.8058180676952521,0.8123832087874452,0.805407644523668,0.003941455027448948,82
5.5478815078735355,0.6641895457478468,0.17248106002807617,0.03203098660868356,0.8,0.2,6,50,0.32998853211009177,"{'xgb__colsample_bytree': 0.8, 'xgb__learning_rate': 0.2, 'xgb__max_depth': 6, 'xgb__n_estimators': 50, 'xgb__scale_pos_weight': 0.32998853211009177}",0.8148140946640833,0.814221224103138,0.8094506399067954,0.8064182782713789,0.8207435994726496,0.8131295672836091,0.004910778759677273,50
11.481114530563355,1.0853593494367486,0.23401527404785155,0.08572583664579954,0.8,0.2,6,100,1.0,"{'xgb__colsample_bytree': 0.8, 'xgb__learning_rate': 0.2, 'xgb__max_depth': 6, 'xgb__n_estimators': 100, 'xgb__scale_pos_weight': 1}",0.8158640170325162,0.816502358707776,0.812214355518596,0.8162521447750248,0.8225712824541896,0.8166808316976205,0.0033325555015992557,34
9.407233905792236,1.4687424911927758,0.21050620079040527,0.08619946253540103,0.8,0.2,6,100,0.32998853211009177,"{'xgb__colsample_bytree': 0.8, 'xgb__learning_rate': 0.2, 'xgb__max_depth': 6, 'xgb__n_estimators': 100, 'xgb__scale_pos_weight': 0.32998853211009177}",0.8264719888352348,0.8131239482704136,0.814323783438356,0.8104641258875298,0.8198296510606083,0.8168426994984286,0.005700970845214811,33
19.026024627685548,0.3640668640402845,0.23802218437194825,0.046002584615349666,0.8,0.2,6,200,1.0,"{'xgb__colsample_bytree': 0.8, 'xgb__learning_rate': 0.2, 'xgb__max_depth': 6, 'xgb__n_estimators': 200, 'xgb__scale_pos_weight': 1}",0.819203632213208,0.8224207723063425,0.8185558952964787,0.8230097581361723,0.8276168666278165,0.8221613849160037,0.0032341043920779116,6
16.583181142807007,0.13967591497969173,0.25077261924743655,0.08553380310625588,0.8,0.2,6,200,0.32998853211009177,"{'xgb__colsample_bytree': 0.8, 'xgb__learning_rate': 0.2, 'xgb__max_depth': 6, 'xgb__n_estimators': 200, 'xgb__scale_pos_weight': 0.32998853211009177}",0.8283115456548473,0.8180016711631483,0.8169139757890176,0.8137935821550781,0.8257725879704032,0.820558672546499,0.005529565516644592,17
11.908550119400024,1.2604913265015412,0.23411340713500978,0.07934242532901985,0.8,0.2,10,50,1.0,"{'xgb__colsample_bytree': 0.8, 'xgb__learning_rate': 0.2, 'xgb__max_depth': 10, 'xgb__n_estimators': 50, 'xgb__scale_pos_weight': 1}",0.8118671030391258,0.8107815423081576,0.809696413015994,0.8175776196780662,0.8193550090982737,0.8138555374279235,0.003867808633286238,46
10.292497682571412,0.8044639434751175,0.21266593933105468,0.068788984332464,0.8,0.2,10,50,0.32998853211009177,"{'xgb__colsample_bytree': 0.8, 'xgb__learning_rate': 0.2, 'xgb__max_depth': 10, 'xgb__n_estimators': 50, 'xgb__scale_pos_weight': 0.32998853211009177}",0.8167009422539835,0.8112048979984325,0.8132238945621064,0.8114400745179795,0.8216523307793137,0.814844428022363,0.003930804378597753,41
19.565193080902098,0.7105693304764524,0.2799647808074951,0.07889555815063629,0.8,0.2,10,100,1.0,"{'xgb__colsample_bytree': 0.8, 'xgb__learning_rate': 0.2, 'xgb__max_depth': 10, 'xgb__n_estimators': 100, 'xgb__scale_pos_weight': 1}",0.8196800566595563,0.8167799334233609,0.8187813807819005,0.8263889594983298,0.8238813823787414,0.8211023425483779,0.0035146653459266026,13
16.389035320281984,0.3236592464215164,0.32834568023681643,0.03703262218590433,0.8,0.2,10,100,0.32998853211009177,"{'xgb__colsample_bytree': 0.8, 'xgb__learning_rate': 0.2, 'xgb__max_depth': 10, 'xgb__n_estimators': 100, 'xgb__scale_pos_weight': 0.32998853211009177}",0.8256687025970613,0.8170708503651596,0.8116406011181009,0.8141527493898226,0.8261355493144669,0.8189336905569222,0.005945483703289442,22
32.32323794364929,0.7183056066284795,0.24156103134155274,0.038103974435165014,0.8,0.2,10,200,1.0,"{'xgb__colsample_bytree': 0.8, 'xgb__learning_rate': 0.2, 'xgb__max_depth': 10, 'xgb__n_estimators': 200, 'xgb__scale_pos_weight': 1}",0.8257151587174578,0.824034192482838,0.8228578315656518,0.8308929460822585,0.8358422389671416,0.8278684735630696,0.0048409374751455896,1
27.731778955459596,1.40876128309324,0.28560991287231446,0.07265908109630839,0.8,0.2,10,200,0.32998853211009177,"{'xgb__colsample_bytree': 0.8, 'xgb__learning_rate': 0.2, 'xgb__max_depth': 10, 'xgb__n_estimators': 200, 'xgb__scale_pos_weight': 0.32998853211009177}",0.8304686931762665,0.8209047351136189,0.814323783438356,0.8161031332261924,0.829802956467166,0.8223206602843198,0.006737769991223527,5
4.189938735961914,0.8534462448495341,0.19877705574035645,0.06554595749369715,1.0,0.01,3,50,1.0,"{'xgb__colsample_bytree': 1.0, 'xgb__learning_rate': 0.01, 'xgb__max_depth': 3, 'xgb__n_estimators': 50, 'xgb__scale_pos_weight': 1}",0.6619283051513608,0.6521220553724574,0.6535100305909953,0.6600145013211336,0.6563600077791676,0.656786980043023,0.0037291377737375024,162
3.2501858711242675,0.5712825299891936,0.20488920211791992,0.06264458707853207,1.0,0.01,3,50,0.32998853211009177,"{'xgb__colsample_bytree': 1.0, 'xgb__learning_rate': 0.01, 'xgb__max_depth': 3, 'xgb__n_estimators': 50, 'xgb__scale_pos_weight': 0.32998853211009177}",0.7647160606331108,0.749593609519782,0.74738126129418,0.7685215064883841,0.7605847900226723,0.758159445591626,0.008316088104379006,138
6.478323268890381,1.0474787796898306,0.19298791885375977,0.06807710376088764,1.0,0.01,3,100,1.0,"{'xgb__colsample_bytree': 1.0, 'xgb__learning_rate': 0.01, 'xgb__max_depth': 3, 'xgb__n_estimators': 100, 'xgb__scale_pos_weight': 1}",0.7272916397022348,0.7174375702764776,0.7168870200264884,0.7242478382947495,0.7242313843706311,0.7220190905341163,0.0041228584961468945,150
5.543058252334594,1.1806989174481128,0.17506747245788573,0.050377725606333634,1.0,0.01,3,100,0.32998853211009177,"{'xgb__colsample_bytree': 1.0, 'xgb__learning_rate': 0.01, 'xgb__max_depth': 3, 'xgb__n_estimators': 100, 'xgb__scale_pos_weight': 0.32998853211009177}",0.7732477866586243,0.7655401319712976,0.7642887470766481,0.7713719509781025,0.775081045528954,0.7699059324427253,0.004259389172048904,133
12.016277408599853,1.1904920379392196,0.17555150985717774,0.01767060691804623,1.0,0.01,3,200,1.0,"{'xgb__colsample_bytree': 1.0, 'xgb__learning_rate': 0.01, 'xgb__max_depth': 3, 'xgb__n_estimators': 200, 'xgb__scale_pos_weight': 1}",0.7337338914269135,0.7201483854398807,0.723379311127378,0.73064092645104,0.7412453630806864,0.7298295755051798,0.007504045985561771,147
10.536719226837159,0.9578520810337731,0.2841662406921387,0.09815889120869437,1.0,0.01,3,200,0.32998853211009177,"{'xgb__colsample_bytree': 1.0, 'xgb__learning_rate': 0.01, 'xgb__max_depth': 3, 'xgb__n_estimators': 200, 'xgb__scale_pos_weight': 0.32998853211009177}",0.7886333344762713,0.78067778124487,0.7848801723902942,0.7832699256751151,0.7917001780349822,0.7858322783643065,0.00390689543067962,119
8.187181615829468,1.006195256920857,0.20650839805603027,0.0658876805844803,1.0,0.01,6,50,1.0,"{'xgb__colsample_bytree': 1.0, 'xgb__learning_rate': 0.01, 'xgb__max_depth': 6, 'xgb__n_estimators': 50, 'xgb__scale_pos_weight': 1}",0.6784795527720126,0.6879073336003954,0.6737024884944371,0.671835642776011,0.7044870272611665,0.6832824089808045,0.011974109778913961,156
7.148497533798218,0.6136449232894641,0.20410494804382323,0.06906506531500017,1.0,0.01,6,50,0.32998853211009177,"{'xgb__colsample_bytree': 1.0, 'xgb__learning_rate': 0.01, 'xgb__max_depth': 6, 'xgb__n_estimators': 50, 'xgb__scale_pos_weight': 0.32998853211009177}",0.7870008299421717,0.7734294408897996,0.7784217039934124,0.7798839312112272,0.7892592147406263,0.7815990241554474,0.005790285373148592,126
16.75617299079895,0.19897800437218624,0.17749505043029784,0.015880606928137943,1.0,0.01,6,100,1.0,"{'xgb__colsample_bytree': 1.0, 'xgb__learning_rate': 0.01, 'xgb__max_depth': 6, 'xgb__n_estimators': 100, 'xgb__scale_pos_weight': 1}",0.7366242884212701,0.7231960485389383,0.7273171991810384,0.7306612874214113,0.7397720834289296,0.7315141813983177,0.00603058142914101,145
13.891280698776246,0.7885649292730679,0.24454908370971679,0.06706249501412861,1.0,0.01,6,100,0.32998853211009177,"{'xgb__colsample_bytree': 1.0, 'xgb__learning_rate': 0.01, 'xgb__max_depth': 6, 'xgb__n_estimators': 100, 'xgb__scale_pos_weight': 0.32998853211009177}",0.7983377166933245,0.7840029429317682,0.7895471521139782,0.7891922922292862,0.7966099336226778,0.7915380075182069,0.005257443543290187,112
31.709782075881957,0.7259760833910034,0.23612089157104493,0.03572143155011427,1.0,0.01,6,200,1.0,"{'xgb__colsample_bytree': 1.0, 'xgb__learning_rate': 0.01, 'xgb__max_depth': 6, 'xgb__n_estimators': 200, 'xgb__scale_pos_weight': 1}",0.7612713549050054,0.7504180676508896,0.7527431774454426,0.7542563738312282,0.7626853541503028,0.7562748655965736,0.0048354623623174066,139
26.739173936843873,1.0117840525199568,0.2438282012939453,0.0562451151944551,1.0,0.01,6,200,0.32998853211009177,"{'xgb__colsample_bytree': 1.0, 'xgb__learning_rate': 0.01, 'xgb__max_depth': 6, 'xgb__n_estimators': 200, 'xgb__scale_pos_weight': 0.32998853211009177}",0.8054469915480466,0.7959387932555467,0.8009368616497515,0.7994851143278464,0.8018929791721132,0.8007401479906608,0.0031032308666132215,102
19.733606910705568,1.1023731315027072,0.2385397434234619,0.06700644518832805,1.0,0.01,10,50,1.0,"{'xgb__colsample_bytree': 1.0, 'xgb__learning_rate': 0.01, 'xgb__max_depth': 10, 'xgb__n_estimators': 50, 'xgb__scale_pos_weight': 1}",0.7003057643401115,0.6998733030380613,0.6926686576224241,0.6911272796143361,0.7174424404372324,0.7002834890104331,0.00934259268471533,154
15.587111330032348,0.3279942908558038,0.21596140861511232,0.06923719431298599,1.0,0.01,10,50,0.32998853211009177,"{'xgb__colsample_bytree': 1.0, 'xgb__learning_rate': 0.01, 'xgb__max_depth': 10, 'xgb__n_estimators': 50, 'xgb__scale_pos_weight': 0.32998853211009177}",0.7976080028412562,0.781551965470403,0.7954038318261235,0.7898722212540338,0.7986607889535913,0.7926193620690815,0.0063114609641937176,110
38.984118700027466,1.4495819738787772,0.22538042068481445,0.07786583640047143,1.0,0.01,10,100,1.0,"{'xgb__colsample_bytree': 1.0, 'xgb__learning_rate': 0.01, 'xgb__max_depth': 10, 'xgb__n_estimators': 100, 'xgb__scale_pos_weight': 1}",0.7536542499135407,0.745361524796576,0.7488246904025836,0.7494542714055196,0.7571737907396973,0.7508937054515834,0.0040992168373488215,142
29.310003089904786,0.8353619644404382,0.23255486488342286,0.06370538110544298,1.0,0.01,10,100,0.32998853211009177,"{'xgb__colsample_bytree': 1.0, 'xgb__learning_rate': 0.01, 'xgb__max_depth': 10, 'xgb__n_estimators': 100, 'xgb__scale_pos_weight': 0.32998853211009177}",0.799494753531364,0.7925648637262042,0.8026438662221043,0.7999760580722897,0.8061590001704881,0.80016770834449,0.004479280743072154,103
76.933704662323,1.852239576028691,0.2975922107696533,0.09865575332110481,1.0,0.01,10,200,1.0,"{'xgb__colsample_bytree': 1.0, 'xgb__learning_rate': 0.01, 'xgb__max_depth': 10, 'xgb__n_estimators': 200, 'xgb__scale_pos_weight': 1}",0.78082443686271,0.7737476934945324,0.7738539267714969,0.7780405621808244,0.7818558672474177,0.7776644973113963,0.003392816666839144,127
57.92406277656555,1.4979324091287196,0.3107654571533203,0.09420486224010445,1.0,0.01,10,200,0.32998853211009177,"{'xgb__colsample_bytree': 1.0, 'xgb__learning_rate': 0.01, 'xgb__max_depth': 10, 'xgb__n_estimators': 200, 'xgb__scale_pos_weight': 0.32998853211009177}",0.8095358516693443,0.8010317138122649,0.8036480699618764,0.8060897497125554,0.811467902345039,0.8063546575002161,0.003794595918633789,81
3.64085111618042,0.7838726331719424,0.19251599311828613,0.07898300829826692,1.0,0.1,3,50,1.0,"{'xgb__colsample_bytree': 1.0, 'xgb__learning_rate': 0.1, 'xgb__max_depth': 3, 'xgb__n_estimators': 50, 'xgb__scale_pos_weight': 1}",0.7663341994147604,0.7525274404761577,0.7501195756457644,0.7638745592847059,0.7730017904692178,0.7611715130581214,0.00861139436226783,135
2.8224438667297362,0.037348182926690385,0.14230718612670898,0.012724116819355567,1.0,0.1,3,50,0.32998853211009177,"{'xgb__colsample_bytree': 1.0, 'xgb__learning_rate': 0.1, 'xgb__max_depth': 3, 'xgb__n_estimators': 50, 'xgb__scale_pos_weight': 0.32998853211009177}",0.8051741587883832,0.7980608036930374,0.8019864175214975,0.8008412998816618,0.8031160234058368,0.8018357406580833,0.002368371786352719,93
6.130994844436645,1.2098427329448302,0.1881101131439209,0.06525127824285026,1.0,0.1,3,100,1.0,"{'xgb__colsample_bytree': 1.0, 'xgb__learning_rate': 0.1, 'xgb__max_depth': 3, 'xgb__n_estimators': 100, 'xgb__scale_pos_weight': 1}",0.7855211155287055,0.7838643747304588,0.7760774258436016,0.7856462377152806,0.7915724791217966,0.7845363265879687,0.004974206983017222,124
5.765867805480957,1.420878431715595,0.18259625434875487,0.06536258398025954,1.0,0.1,3,100,0.32998853211009177,"{'xgb__colsample_bytree': 1.0, 'xgb__learning_rate': 0.1, 'xgb__max_depth': 3, 'xgb__n_estimators': 100, 'xgb__scale_pos_weight': 0.32998853211009177}",0.8067521367698758,0.8049906494330223,0.8052960460499977,0.8068345080222185,0.8108854855867356,0.80695176517237,0.0021030995122459997,78
10.38524580001831,1.1093751263169604,0.2140033721923828,0.07041741898360046,1.0,0.1,3,200,1.0,"{'xgb__colsample_bytree': 1.0, 'xgb__learning_rate': 0.1, 'xgb__max_depth': 3, 'xgb__n_estimators': 200, 'xgb__scale_pos_weight': 1}",0.8020194838649043,0.7967177365458694,0.7939693289336661,0.7971012966520847,0.8090225083319827,0.7997660708657015,0.005305753207110026,106
9.519273948669433,1.169211604048973,0.22525901794433595,0.061171771191012005,1.0,0.1,3,200,0.32998853211009177,"{'xgb__colsample_bytree': 1.0, 'xgb__learning_rate': 0.1, 'xgb__max_depth': 3, 'xgb__n_estimators': 200, 'xgb__scale_pos_weight': 0.32998853211009177}",0.8155911322580593,0.8086311679504504,0.8097629928591732,0.805877547205098,0.8162518867069359,0.8112229453959433,0.004044585534441105,66
8.27426118850708,0.18396187474410491,0.2382204055786133,0.05968625881291764,1.0,0.1,6,50,1.0,"{'xgb__colsample_bytree': 1.0, 'xgb__learning_rate': 0.1, 'xgb__max_depth': 6, 'xgb__n_estimators': 50, 'xgb__scale_pos_weight': 1}",0.7902104385362736,0.7862785704632199,0.7794892279822571,0.7878676338659967,0.7956893551901983,0.7879070452075891,0.005279831428711317,114
6.846109867095947,0.8314902011974211,0.2068763256072998,0.0697656343630334,1.0,0.1,6,50,0.32998853211009177,"{'xgb__colsample_bytree': 1.0, 'xgb__learning_rate': 0.1, 'xgb__max_depth': 6, 'xgb__n_estimators': 50, 'xgb__scale_pos_weight': 0.32998853211009177}",0.8074353648079102,0.803657855078131,0.8048382211221843,0.8088424614965349,0.8135780409712271,0.8076703886951975,0.0034770949220124664,74
14.566505575180054,0.1474169987503876,0.17342805862426758,0.018066351953183037,1.0,0.1,6,100,1.0,"{'xgb__colsample_bytree': 1.0, 'xgb__learning_rate': 0.1, 'xgb__max_depth': 6, 'xgb__n_estimators': 100, 'xgb__scale_pos_weight': 1}",0.8083605390379694,0.800854497005786,0.7974883026370794,0.8044480957382084,0.8093979928655357,0.8041098854569156,0.004485296757925812,85
11.827467775344848,0.7787179019156723,0.19693598747253419,0.04331201347826963,1.0,0.1,6,100,0.32998853211009177,"{'xgb__colsample_bytree': 1.0, 'xgb__learning_rate': 0.1, 'xgb__max_depth': 6, 'xgb__n_estimators': 100, 'xgb__scale_pos_weight': 0.32998853211009177}",0.8136370164600574,0.8126015844950258,0.8104312097728692,0.8064573048203453,0.8184420154214817,0.8123138261939559,0.0039301762738331815,58
23.833457231521606,1.4372126340551403,0.22197017669677735,0.04633858380669141,1.0,0.1,6,200,1.0,"{'xgb__colsample_bytree': 1.0, 'xgb__learning_rate': 0.1, 'xgb__max_depth': 6, 'xgb__n_estimators': 200, 'xgb__scale_pos_weight': 1}",0.8147848423173104,0.8128648925335726,0.8120035056243792,0.8149071039782348,0.8191035579234657,0.8147327804753924,0.0024525391411833585,42
21.19075918197632,0.8174727932804037,0.24164419174194335,0.07930801979304304,1.0,0.1,6,200,0.32998853211009177,"{'xgb__colsample_bytree': 1.0, 'xgb__learning_rate': 0.1, 'xgb__max_depth': 6, 'xgb__n_estimators': 200, 'xgb__scale_pos_weight': 0.32998853211009177}",0.8234039644777007,0.8150712946005,0.8166618487152035,0.8108956002055514,0.8233565850157921,0.8178778586029495,0.004871585021750452,26
16.87373094558716,0.15624776057919645,0.16394753456115724,0.0031659693318877766,1.0,0.1,10,50,1.0,"{'xgb__colsample_bytree': 1.0, 'xgb__learning_rate': 0.1, 'xgb__max_depth': 10, 'xgb__n_estimators': 50, 'xgb__scale_pos_weight': 1}",0.7997830428783218,0.7999246743763198,0.7967941183765326,0.804010414013283,0.8075652812584736,0.8016155061805861,0.003757606187617434,96
13.146111488342285,0.8365493593061111,0.31112241744995117,0.047068009349200995,1.0,0.1,10,50,0.32998853211009177,"{'xgb__colsample_bytree': 1.0, 'xgb__learning_rate': 0.1, 'xgb__max_depth': 10, 'xgb__n_estimators': 50, 'xgb__scale_pos_weight': 0.32998853211009177}",0.8103404212275179,0.8086483018346546,0.8076915529703227,0.8087991948424211,0.8186802079252993,0.8108319357600433,0.004014953532480108,68
27.253254842758178,1.034703923617889,0.227681303024292,0.07268466142760463,1.0,0.1,10,100,1.0,"{'xgb__colsample_bytree': 1.0, 'xgb__learning_rate': 0.1, 'xgb__max_depth': 10, 'xgb__n_estimators': 100, 'xgb__scale_pos_weight': 1}",0.8151043488926185,0.8096209915192073,0.8089601204329366,0.8158372296886554,0.8180360896827694,0.8135117560432373,0.00358522551178147,49
22.209897470474242,0.9550337574862271,0.23103408813476561,0.07260312496652081,1.0,0.1,10,100,0.32998853211009177,"{'xgb__colsample_bytree': 1.0, 'xgb__learning_rate': 0.1, 'xgb__max_depth': 10, 'xgb__n_estimators': 100, 'xgb__scale_pos_weight': 0.32998853211009177}",0.8218790324749826,0.8118420094208375,0.8157500156718543,0.8121458218034462,0.8246301641151788,0.8172494086972598,0.005166114834658429,28
43.803251886367796,0.767004431642203,0.280985164642334,0.07387143175360684,1.0,0.1,10,200,1.0,"{'xgb__colsample_bytree': 1.0, 'xgb__learning_rate': 0.1, 'xgb__max_depth': 10, 'xgb__n_estimators': 200, 'xgb__scale_pos_weight': 1}",0.8213387995622966,0.81784322159379,0.8179666271745112,0.8242215574419938,0.8254257776148599,0.8213591966774902,0.0031177624774956967,10
37.76705288887024,1.0704834737427704,0.26907825469970703,0.055626411752805256,1.0,0.1,10,200,0.32998853211009177,"{'xgb__colsample_bytree': 1.0, 'xgb__learning_rate': 0.1, 'xgb__max_depth': 10, 'xgb__n_estimators': 200, 'xgb__scale_pos_weight': 0.32998853211009177}",0.8243534482758621,0.8154615030076684,0.8136811421383779,0.8142587263789755,0.8317899778959926,0.8199089595393753,0.0070908785248022105,21
3.00327091217041,0.024869568949150316,0.14018783569335938,0.010413317418382749,1.0,0.2,3,50,1.0,"{'xgb__colsample_bytree': 1.0, 'xgb__learning_rate': 0.2, 'xgb__max_depth': 3, 'xgb__n_estimators': 50, 'xgb__scale_pos_weight': 1}",0.7868700926331267,0.7840907964867562,0.7779569920698599,0.7849175794923012,0.7999110465110447,0.7867493014386178,0.007224592469722615,117
3.808417224884033,0.7628585201013203,0.2217559337615967,0.0760155991346731,1.0,0.2,3,50,0.32998853211009177,"{'xgb__colsample_bytree': 1.0, 'xgb__learning_rate': 0.2, 'xgb__max_depth': 3, 'xgb__n_estimators': 50, 'xgb__scale_pos_weight': 0.32998853211009177}",0.8075376655787234,0.8042110320594624,0.80420983152308,0.8064739724721114,0.8108224285383143,0.8066509860343383,0.0024548351360924535,80
5.631419992446899,0.7211395909009612,0.20801386833190919,0.060224692286615464,1.0,0.2,3,100,1.0,"{'xgb__colsample_bytree': 1.0, 'xgb__learning_rate': 0.2, 'xgb__max_depth': 3, 'xgb__n_estimators': 100, 'xgb__scale_pos_weight': 1}",0.8047882785938879,0.8006394406970837,0.7958530677280338,0.8004732618654541,0.81022735756736,0.8023962812903639,0.004830021595339617,89
5.349192714691162,0.741791355695376,0.20829358100891113,0.06147924686157427,1.0,0.2,3,100,0.32998853211009177,"{'xgb__colsample_bytree': 1.0, 'xgb__learning_rate': 0.2, 'xgb__max_depth': 3, 'xgb__n_estimators': 100, 'xgb__scale_pos_weight': 0.32998853211009177}",0.817685710455153,0.8096404823659482,0.8109713537383463,0.8041799897243095,0.8190567238949038,0.8123068520357322,0.005466843000461945,59
10.056268215179443,1.2233520177093091,0.16755571365356445,0.0035173094889785895,1.0,0.2,3,200,1.0,"{'xgb__colsample_bytree': 1.0, 'xgb__learning_rate': 0.2, 'xgb__max_depth': 3, 'xgb__n_estimators': 200, 'xgb__scale_pos_weight': 1}",0.8139187227667313,0.8104313968061673,0.8114494230562712,0.8152717749447163,0.8246104033346684,0.8151363441817109,0.00503961620418403,38
8.96455364227295,1.2978401226524716,0.23591256141662598,0.07585561394441741,1.0,0.2,3,200,0.32998853211009177,"{'xgb__colsample_bytree': 1.0, 'xgb__learning_rate': 0.2, 'xgb__max_depth': 3, 'xgb__n_estimators': 200, 'xgb__scale_pos_weight': 0.32998853211009177}",0.8267464849612217,0.8129945868077785,0.8137188523326031,0.8069395951524849,0.8223302567892588,0.8165459552086695,0.007076663532028056,36
7.695688962936401,1.1912290864279624,0.19050278663635253,0.05749740575557887,1.0,0.2,6,50,1.0,"{'xgb__colsample_bytree': 1.0, 'xgb__learning_rate': 0.2, 'xgb__max_depth': 6, 'xgb__n_estimators': 50, 'xgb__scale_pos_weight': 1}",0.8034700927931931,0.8022222298234992,0.7994088199606459,0.8058267465593645,0.8116800833390679,0.8045215944951541,0.004134745012751038,84
7.164373207092285,1.2871385440664085,0.2180039405822754,0.07689812041133202,1.0,0.2,6,50,0.32998853211009177,"{'xgb__colsample_bytree': 1.0, 'xgb__learning_rate': 0.2, 'xgb__max_depth': 6, 'xgb__n_estimators': 50, 'xgb__scale_pos_weight': 0.32998853211009177}",0.8156842663771954,0.8112848578679085,0.8074765832334739,0.8056435346596185,0.8154708094856175,0.8111120103247627,0.004075661616061811,67
12.470646095275878,1.3011610886406526,0.18607234954833984,0.02505215346139222,1.0,0.2,6,100,1.0,"{'xgb__colsample_bytree': 1.0, 'xgb__learning_rate': 0.2, 'xgb__max_depth': 6, 'xgb__n_estimators': 100, 'xgb__scale_pos_weight': 1}",0.8115273634525937,0.8111053692580048,0.8112955352753711,0.8155531070358633,0.8219817680390159,0.8142926286121698,0.00418328944838955,45
10.982938051223755,0.7756483167664745,0.2351511001586914,0.07546969401468732,1.0,0.2,6,100,0.32998853211009177,"{'xgb__colsample_bytree': 1.0, 'xgb__learning_rate': 0.2, 'xgb__max_depth': 6, 'xgb__n_estimators': 100, 'xgb__scale_pos_weight': 0.32998853211009177}",0.8210661317896034,0.8133806661168148,0.8125671080309866,0.8105297531188109,0.8226830658712534,0.8160453449854937,0.004876228832084733,37
21.99311237335205,0.5634984391899596,0.22285861968994142,0.05694750480523407,1.0,0.2,6,200,1.0,"{'xgb__colsample_bytree': 1.0, 'xgb__learning_rate': 0.2, 'xgb__max_depth': 6, 'xgb__n_estimators': 200, 'xgb__scale_pos_weight': 1}",0.8205136041759667,0.8168974766767281,0.8189146137213387,0.8192380912912028,0.8276631865173065,0.8206453944765085,0.0036956668119015727,15
18.868020868301393,0.18537790352402164,0.18760952949523926,0.017985369578729118,1.0,0.2,6,200,0.32998853211009177,"{'xgb__colsample_bytree': 1.0, 'xgb__learning_rate': 0.2, 'xgb__max_depth': 6, 'xgb__n_estimators': 200, 'xgb__scale_pos_weight': 0.32998853211009177}",0.8293329501573105,0.8177650098914947,0.8135455481074529,0.8131471009433094,0.8271352912080308,0.8201851800615196,0.0068038553260020345,20
14.846804285049439,0.29772631312877856,0.171120548248291,0.007080365160185466,1.0,0.2,10,50,1.0,"{'xgb__colsample_bytree': 1.0, 'xgb__learning_rate': 0.2, 'xgb__max_depth': 10, 'xgb__n_estimators': 50, 'xgb__scale_pos_weight': 1}",0.8116592543362452,0.810869748148138,0.8082111078878379,0.8127572703571855,0.821269650372696,0.8129534062204204,0.004420503130048003,52
11.38901104927063,1.0488677085625655,0.2149681568145752,0.07058711439936677,1.0,0.2,10,50,0.32998853211009177,"{'xgb__colsample_bytree': 1.0, 'xgb__learning_rate': 0.2, 'xgb__max_depth': 10, 'xgb__n_estimators': 50, 'xgb__scale_pos_weight': 0.32998853211009177}",0.8245860380604693,0.8128543323051646,0.8138306487272567,0.8123833773708562,0.821676301259074,0.8170661395445642,0.00505842756891296,31
23.288391304016113,0.5793958130986678,0.24537649154663085,0.07607821368423062,1.0,0.2,10,100,1.0,"{'xgb__colsample_bytree': 1.0, 'xgb__learning_rate': 0.2, 'xgb__max_depth': 10, 'xgb__n_estimators': 100, 'xgb__scale_pos_weight': 1}",0.8169450241749369,0.8165404826411395,0.8200648289870236,0.8221969003096615,0.8302337729845455,0.8211962018194614,0.004974079351014126,12
18.965672159194945,0.30251676379536496,0.23429946899414061,0.06100403044082632,1.0,0.2,10,100,0.32998853211009177,"{'xgb__colsample_bytree': 1.0, 'xgb__learning_rate': 0.2, 'xgb__max_depth': 10, 'xgb__n_estimators': 100, 'xgb__scale_pos_weight': 0.32998853211009177}",0.8283732811121131,0.8194766733597867,0.8212217025511452,0.815669914607381,0.8285159078493404,0.8226514958959532,0.005059573856617665,4
38.7222487449646,1.1821489333395694,0.30877022743225097,0.11798595825528684,1.0,0.2,10,200,1.0,"{'xgb__colsample_bytree': 1.0, 'xgb__learning_rate': 0.2, 'xgb__max_depth': 10, 'xgb__n_estimators': 200, 'xgb__scale_pos_weight': 1}",0.8269956579284106,0.8186572860684986,0.8226194371406913,0.8332594265606201,0.8353587689660061,0.8273781153328453,0.006278929988955248,3
32.68480105400086,0.7126926412019619,0.22397346496582032,0.05939048690648199,1.0,0.2,10,200,0.32998853211009177,"{'xgb__colsample_bytree': 1.0, 'xgb__learning_rate': 0.2, 'xgb__max_depth': 10, 'xgb__n_estimators': 200, 'xgb__scale_pos_weight': 0.32998853211009177}",0.8280807598584858,0.8232208608752873,0.8170386655021946,0.8146913320243816,0.8277257887438024,0.8221514814008304,0.0054620057300407655,7
